url,label
http://paypal-secure-security-check619.co,phishing
http://microsoft-paypal-security-check189.net,phishing
http://paypal-account-security-check628.net,phishing
http://apple-verify-security-check750.org,phishing
http://paypal-bank-security-check755.org,phishing
http://google-secure-security-check935.org,phishing
http://microsoft-login-security-check840.co,phishing
http://amazon-verify-security-check13.info,phishing
http://bankofamerica-bank-security-check643.info,phishing
http://google-bank-security-check192.com,phishing
http://paypal-bank-security-check70.net,phishing
http://amazon-login-security-check517.com,phishing
http://apple-update-security-check178.org,phishing
http://bankofamerica-alert-security-check82.com,phishing
http://bankofamerica-bank-security-check842.net,phishing
http://apple-alert-security-check100.co,phishing
http://apple-update-security-check726.org,phishing
http://amazon-bank-security-check770.net,phishing
http://google-bank-security-check291.info,phishing
http://bankofamerica-secure-security-check283.co,phishing
http://google-update-security-check865.org,phishing
http://apple-alert-security-check879.org,phishing
http://google-login-security-check128.net,phishing
http://microsoft-account-security-check427.com,phishing
http://paypal-secure-security-check166.net,phishing
http://amazon-paypal-security-check393.info,phishing
http://facebook-bank-security-check263.co,phishing
http://microsoft-bank-security-check50.net,phishing
http://microsoft-verify-security-check228.info,phishing
http://bankofamerica-alert-security-check765.info,phishing
http://microsoft-login-security-check67.info,phishing
http://facebook-account-security-check576.com,phishing
http://google-update-security-check937.org,phishing
http://facebook-account-security-check111.co,phishing
http://amazon-paypal-security-check573.net,phishing
http://bankofamerica-login-security-check957.org,phishing
http://apple-signin-security-check806.info,phishing
http://google-update-security-check575.net,phishing
http://microsoft-paypal-security-check733.co,phishing
http://paypal-paypal-security-check757.org,phishing
http://bankofamerica-verify-security-check130.co,phishing
http://apple-paypal-security-check161.net,phishing
http://microsoft-secure-security-check968.net,phishing
http://paypal-alert-security-check946.org,phishing
http://apple-login-security-check826.info,phishing
http://amazon-login-security-check890.org,phishing
http://google-verify-security-check733.info,phishing
http://facebook-signin-security-check690.info,phishing
http://microsoft-paypal-security-check983.org,phishing
http://amazon-account-security-check759.co,phishing
http://google-alert-security-check69.co,phishing
http://microsoft-update-security-check46.co,phishing
http://apple-verify-security-check141.net,phishing
http://bankofamerica-paypal-security-check602.net,phishing
http://facebook-paypal-security-check821.org,phishing
http://facebook-verify-security-check532.org,phishing
http://google-update-security-check547.com,phishing
http://apple-update-security-check190.co,phishing
http://apple-verify-security-check830.org,phishing
http://apple-alert-security-check628.co,phishing
http://amazon-secure-security-check995.info,phishing
http://paypal-verify-security-check205.org,phishing
http://facebook-paypal-security-check565.org,phishing
http://amazon-secure-security-check435.co,phishing
http://paypal-update-security-check754.info,phishing
http://facebook-login-security-check777.co,phishing
http://bankofamerica-update-security-check46.com,phishing
http://facebook-signin-security-check797.info,phishing
http://apple-alert-security-check940.co,phishing
http://apple-alert-security-check529.net,phishing
http://apple-bank-security-check403.co,phishing
http://apple-account-security-check549.org,phishing
http://paypal-alert-security-check331.co,phishing
http://google-secure-security-check968.co,phishing
http://google-alert-security-check189.co,phishing
http://google-login-security-check505.co,phishing
http://facebook-login-security-check970.net,phishing
http://google-login-security-check161.net,phishing
http://paypal-secure-security-check962.com,phishing
http://google-update-security-check757.info,phishing
http://facebook-login-security-check190.net,phishing
http://facebook-signin-security-check742.org,phishing
http://microsoft-account-security-check367.net,phishing
http://microsoft-bank-security-check387.info,phishing
http://facebook-secure-security-check552.net,phishing
http://apple-paypal-security-check307.info,phishing
http://amazon-update-security-check583.info,phishing
http://facebook-paypal-security-check467.info,phishing
http://apple-paypal-security-check647.net,phishing
http://apple-paypal-security-check449.com,phishing
http://apple-bank-security-check358.net,phishing
http://amazon-secure-security-check153.org,phishing
http://bankofamerica-bank-security-check432.com,phishing
http://facebook-bank-security-check764.co,phishing
http://apple-alert-security-check116.net,phishing
http://amazon-verify-security-check12.net,phishing
http://google-signin-security-check301.co,phishing
http://amazon-verify-security-check446.net,phishing
http://google-verify-security-check489.net,phishing
http://apple-bank-security-check799.com,phishing
https://www.linkedin.com,safe
https://www.wikipedia.org,safe
https://www.python.org,safe
https://www.reddit.com,safe
https://www.google.com,safe
https://www.stackoverflow.com,safe
https://www.wikipedia.org,safe
https://www.amazon.com,safe
https://www.reddit.com,safe
https://www.linkedin.com,safe
https://www.reddit.com,safe
https://www.amazon.com,safe
https://www.amazon.com,safe
https://www.github.com,safe
https://www.python.org,safe
https://www.apple.com,safe
https://www.reddit.com,safe
https://www.apple.com,safe
https://www.wikipedia.org,safe
https://www.google.com,safe
https://www.google.com,safe
https://www.microsoft.com,safe
https://www.wikipedia.org,safe
https://www.google.com,safe
https://www.linkedin.com,safe
https://www.microsoft.com,safe
https://www.stackoverflow.com,safe
https://www.reddit.com,safe
https://www.wikipedia.org,safe
https://www.google.com,safe
https://www.microsoft.com,safe
https://www.google.com,safe
https://www.apple.com,safe
https://www.microsoft.com,safe
https://www.github.com,safe
https://www.reddit.com,safe
https://www.wikipedia.org,safe
https://www.apple.com,safe
https://www.amazon.com,safe
https://www.google.com,safe
https://www.amazon.com,safe
https://www.stackoverflow.com,safe
https://www.stackoverflow.com,safe
https://www.microsoft.com,safe
https://www.stackoverflow.com,safe
https://www.reddit.com,safe
https://www.wikipedia.org,safe
https://www.reddit.com,safe
https://www.microsoft.com,safe
https://www.reddit.com,safe
https://www.reddit.com,safe
https://www.wikipedia.org,safe
https://www.wikipedia.org,safe
https://www.github.com,safe
https://www.google.com,safe
https://www.google.com,safe
https://www.amazon.com,safe
https://www.google.com,safe
https://www.google.com,safe
https://www.stackoverflow.com,safe
https://www.amazon.com,safe
https://www.stackoverflow.com,safe
https://www.microsoft.com,safe
https://www.reddit.com,safe
https://www.google.com,safe
https://www.linkedin.com,safe
https://www.microsoft.com,safe
https://www.microsoft.com,safe
https://www.amazon.com,safe
https://www.linkedin.com,safe
https://www.microsoft.com,safe
https://www.apple.com,safe
https://www.github.com,safe
https://www.microsoft.com,safe
https://www.github.com,safe
https://www.microsoft.com,safe
https://www.reddit.com,safe
https://www.github.com,safe
https://www.python.org,safe
https://www.reddit.com,safe
https://www.reddit.com,safe
https://www.stackoverflow.com,safe
https://www.amazon.com,safe
https://www.linkedin.com,safe
https://www.wikipedia.org,safe
https://www.python.org,safe
https://www.stackoverflow.com,safe
https://www.linkedin.com,safe
https://www.wikipedia.org,safe
https://www.reddit.com,safe
https://www.amazon.com,safe
https://www.github.com,safe
https://www.python.org,safe
https://www.python.org,safe
https://www.apple.com,safe
https://www.wikipedia.org,safe
https://www.reddit.com,safe
https://www.apple.com,safe
https://www.python.org,safe
https://www.apple.com,safe
